nim,nama,password,email,status_akun,tanggal_daftar
G1A023001,Vina Kusuma,Vinaku13#z,vinakusuma@gmail.com,aktif,2023-10-14 08:24:33
G1A023002,Dian Ananda,Dianan79!9,dianananda@gmail.com,aktif,2023-02-06 17:18:10
G1A023003,Gita Wicaksono,Gitawi74!z,gitawicaksono@gmail.com,aktif,2023-09-30 16:49:21
G1A023004,Salsa Putra,Salsap38$Q,salsaputra@gmail.com,ditunda,2023-01-03 20:34:22
G1A023005,Rian Permata,Rianpe99$Q,rianpermata@gmail.com,aktif,2023-03-25 22:52:10
G1A023006,Hesi Desta Lestari,Heside53!X,hesidestalestari@gmail.com,aktif,2023-05-20 17:55:49
G1A023007,Bima Hidayat,Bimahi87#X,bimahidayat@gmail.com,aktif,2023-07-28 14:00:29
G1A023008,Dian Rizky,Dianri20#Q,dianrizky@gmail.com,aktif,2023-10-01 23:05:07
G1A023009,Cahya Saputra,Cahyas94@Q,cahyasaputra@gmail.com,diblokir,2023-04-01 17:46:05
G1A023010,Bima Kusuma,Bimaku58#9,bimakusuma@gmail.com,aktif,2023-05-23 00:28:56
G1A023011,Fajar Hidayat,Fajarh55@Q,fajarhidayat@gmail.com,aktif,2023-09-23 19:07:33
G1A023012,Vina Wijaya,Vinawi87@z,vinawijaya@gmail.com,aktif,2023-05-28 16:46:51
G1A023013,Indra Kirana,Indrak98@Q,indrakirana@gmail.com,ditunda,2023-01-23 01:22:46
G1A023014,Intan Oktaviani Presia,Intano39!Q,intanoktavianipresia@gmail.com,aktif,2023-01-27 00:55:21
G1A023015,Gita Fadilah,Gitafa50@9,gitafadilah@gmail.com,aktif,2023-09-07 23:48:49
G1A023016,Okti Sari,Oktisa43@z,oktisari@gmail.com,aktif,2023-07-29 15:37:56
G1A023017,Indra Mahendra,Indram84$9,indramahendra@gmail.com,aktif,2023-02-24 01:20:43
G1A023018,Raihan Fauzi,Raihan21!X,raihanfauzi@gmail.com,aktif,2023-03-04 11:08:25
G1A023019,Sinta Ananda,Sintaa64!9,sintaananda@gmail.com,aktif,2023-07-02 02:32:28
G1A023020,Raihan Hernanda,Raihan80!X,raihanhernanda@gmail.com,aktif,2023-07-28 20:55:34
G1A023021,Rian Hernanda,Rianhe92#X,rianhernanda@gmail.com,aktif,2023-03-03 18:08:13
G1A023022,Okti Pratama,Oktipr43@X,oktipratama@gmail.com,ditunda,2023-04-27 05:42:25
G1A023023,Agung Kirana,Agungk74@z,agungkirana@gmail.com,aktif,2023-03-05 01:44:46
G1A023024,Salsa Irwansyah,Salsai77!Q,salsairwansyah@gmail.com,aktif,2023-02-13 18:40:57
G1A023025,Della Hidayat,Dellah49@X,dellahidayat@gmail.com,aktif,2025-08-09 16:08:59
G1A023026,Cahya Wijaya,Cahyaw72!z,cahyawijaya@gmail.com,aktif,2023-07-04 21:57:10
G1A023027,Salsa Permata,Salsap43$z,salsapermata@gmail.com,diblokir,2023-10-11 19:27:02
G1A023028,Yudha Aulia,Yudhaa49$Q,yudhaaulia@gmail.com,aktif,2023-07-21 08:09:23
G1A023029,Okti Kusuma,Oktiku41@X,oktikusuma@gmail.com,aktif,2023-08-17 19:26:04
G1A023030,Salsa Wicaksono,Salsaw85@X,salsawicaksono@gmail.com,aktif,2023-09-03 10:18:21
G1A023031,Bayu Wicaksono,Bayuwi18!Q,bayuwicaksono@gmail.com,aktif,2023-04-03 18:21:50
G1A023032,Indra Ananda,Indraa72@z,indraananda@gmail.com,aktif,2023-08-11 02:30:26
G1A023033,Tika Fauzi,Tikafa41$9,tikafauzi@gmail.com,aktif,2023-02-07 23:27:38
G1A023034,Wulan Putra,Wulanp55$9,wulanputra@gmail.com,aktif,2023-10-11 11:28:46
G1A023035,Bayu Ananda,Bayuan93!X,bayuananda@gmail.com,aktif,2023-05-13 02:31:46
G1A023036,Sinta Kusuma,Sintak41@z,sintakusuma@gmail.com,aktif,2023-02-24 18:35:37
G1A023037,Nadia Permata,Nadiap45$z,nadiapermata@gmail.com,ditunda,2023-01-30 14:38:17
G1A023038,Okti Nur,Oktinu22!X,oktinur@gmail.com,diblokir,2023-04-03 03:12:59
G1A023039,Fajar Putra,Fajarp72$z,fajarputra@gmail.com,ditunda,2023-01-24 02:31:17
G1A023040,Fajar Rizky,Fajarr10$Q,fajarrizky@gmail.com,diblokir,2023-06-27 00:59:07
G1A023041,Joko Putra,Jokopu99$z,jokoputra@gmail.com,aktif,2023-03-26 21:07:09
G1A023042,Bayu Fadilah,Bayufa79!Q,bayufadilah@gmail.com,aktif,2023-08-16 04:55:47
G1A023043,Putri Amelia,Putria77@X,putriamelia@gmail.com,diblokir,2023-02-01 10:41:34
G1A023044,Bima Permata,Bimape18!z,bimapermata@gmail.com,aktif,2023-08-10 13:45:34
G1A023045,Hana Fadilah,Hanafa86!X,hanafadilah@gmail.com,aktif,2023-08-16 00:13:12
G1A023046,Tika Amelia,Tikaam50#z,tikaamelia@gmail.com,aktif,2023-05-03 08:24:21
G1A023047,Hana Hernanda,Hanahe60@Q,hanahernanda@gmail.com,aktif,2023-10-20 07:53:05
G1A023048,Della Wijaya,Dellaw11$X,dellawijaya@gmail.com,aktif,2023-03-25 02:44:31
G1A023049,Raihan Hernanda,Raihan26#X,raihanhernanda1@gmail.com,ditunda,2023-05-24 20:14:31
G1A023050,Joko Permata,Jokope66#X,jokopermata@gmail.com,aktif,2023-08-04 17:16:04
G1A023051,Joko Ananda,Jokoan23@Q,jokoananda@gmail.com,aktif,2023-02-11 21:38:51
G1A023052,Zara Nur,Zaranu29#Q,zaranur@gmail.com,aktif,2023-10-07 00:37:49
G1A023053,Kirana Aulia,Kirana97#9,kiranaaulia@gmail.com,aktif,2023-01-21 01:28:48
G1A023054,Cahya Kirana,Cahyak64#X,cahyakirana@gmail.com,aktif,2023-02-21 03:19:39
G1A023055,Vina Hernanda,Vinahe30$9,vinahernanda@gmail.com,aktif,2023-02-13 18:44:24
G1A023056,Cahya Febriyanti,Cahyaf29!Q,cahyafebriyanti@gmail.com,aktif,2023-02-27 20:20:02
G1A023057,Nadia Sari,Nadias15#Q,nadiasari@gmail.com,ditunda,2023-01-16 19:50:49
G1A023058,Citra Hidayat,Citrah36@X,citrahidayat@gmail.com,aktif,2023-08-06 18:29:33
G1A023059,Citra Putra,Citrap89@z,citraputra@gmail.com,ditunda,2023-03-11 02:14:51
G1A023060,Citra Putra,Citrap13@Q,citraputra1@gmail.com,ditunda,2023-06-10 05:26:41
G1A023061,Sinta Ananda,Sintaa41#z,sintaananda1@gmail.com,ditunda,2023-02-12 07:31:27
G1A023062,Maya Saputra,Mayasa70@z,mayasaputra@gmail.com,ditunda,2023-06-29 02:20:13
G1A023063,Lia Susanto,Liasus39@X,liasusanto@gmail.com,aktif,2023-06-05 01:58:19
G1A023064,Kirana Hernanda,Kirana18#Q,kiranahernanda@gmail.com,aktif,2023-06-05 13:16:21
G1A023065,Wulan Nur,Wulann52!X,wulannur@gmail.com,ditunda,2023-04-12 18:42:07
G1A023066,Fajar Fadilah,Fajarf43!X,fajarfadilah@gmail.com,aktif,2023-05-15 14:02:14
G1A023067,Zara Prasetyo,Zarapr65!9,zaraprasetyo@gmail.com,ditunda,2023-03-16 03:39:45
G1A023068,Indra Saputra,Indras65!z,indrasaputra@gmail.com,aktif,2023-01-28 12:12:11
G1A023069,Wulan Prasetyo,Wulanp89#X,wulanprasetyo@gmail.com,aktif,2023-04-27 23:12:23
G1A023070,Raihan Susanto,Raihan95$Q,raihansusanto@gmail.com,aktif,2023-04-26 03:42:22
G1A023071,Salsa Sari,Salsas34$9,salsasari@gmail.com,aktif,2023-03-09 22:03:08
G1A023072,Umi Fadilah,Umifad48$X,umifadilah@gmail.com,aktif,2023-03-23 23:02:40
G1A023073,Nadia Fadilah,Nadiaf87#9,nadiafadilah@gmail.com,aktif,2023-09-20 17:18:08
G1A023074,Rahma Hidayati Fitrah,Rahmah37$z,rahmahidayatifitrah@gmail.com,aktif,2023-04-21 13:04:51
G1A023075,Raihan Ananda,Raihan91#X,raihanananda@gmail.com,ditunda,2023-10-20 01:06:53
G1A023076,Hana Ananda,Hanaan49@z,hanaananda@gmail.com,aktif,2023-01-19 06:44:35
G1A023077,Hana Fauzi,Hanafa88!9,hanafauzi@gmail.com,aktif,2023-09-02 21:50:19
G1A023078,Tika Aulia,Tikaau99$9,tikaaulia@gmail.com,aktif,2023-02-27 15:27:52
G1A023079,Vina Febriyanti,Vinafe10!9,vinafebriyanti@gmail.com,aktif,2023-09-28 14:22:04
G1A023080,Raihan Kurniawan,Raihan16@X,raihankurniawan@gmail.com,aktif,2023-06-30 18:47:19
G1A023081,Wulan Amelia,Wulana81#9,wulanamelia@gmail.com,aktif,2023-10-07 16:07:09
G1A023082,Citra Amelia,Citraa64$z,citraamelia@gmail.com,aktif,2023-07-04 16:17:11
G1A023083,Okti Hernanda,Oktihe41#9,oktihernanda@gmail.com,aktif,2023-04-17 23:26:01
G1A023084,Okti Wijaya,Oktiwi46@Q,oktiwijaya@gmail.com,aktif,2023-07-30 02:35:01
G1A023085,Cahya Sari,Cahyas29@9,cahyasari@gmail.com,aktif,2023-10-02 16:18:13
G1A023086,Gita Wijaya,Gitawi63$Q,gitawijaya@gmail.com,aktif,2023-06-11 19:17:48
G1A023087,Bayu Aulia,Bayuau63$X,bayuaulia@gmail.com,ditunda,2023-08-12 21:49:22
G1A023088,Maya Fauzi,Mayafa10#Q,mayafauzi@gmail.com,ditunda,2023-06-13 01:33:41
G1A023089,Salsa Mahendra,Salsam79@9,salsamahendra@gmail.com,aktif,2023-06-19 14:17:08
G1A023090,Putri Pratama,Putrip59#9,putripratama@gmail.com,aktif,2023-07-01 20:23:30
G1A023091,Della Sari,Dellas89!9,dellasari@gmail.com,aktif,2023-09-15 19:36:20
G1A023092,Aditya Wijaya,Aditya92$z,adityawijaya@gmail.com,ditunda,2023-03-12 21:50:14
G1A023093,Bayu Hernanda,Bayuhe58#z,bayuhernanda@gmail.com,aktif,2023-05-12 09:43:59
G1A023094,Rian Rizky,Rianri45$Q,rianrizky@gmail.com,ditunda,2023-07-02 23:34:38
G1A023095,Aditya Mahendra,Aditya79!Q,adityamahendra@gmail.com,aktif,2023-01-27 23:34:10
G1A023096,Rian Kirana,Rianki15!z,riankirana@gmail.com,aktif,2023-01-09 05:57:19
G1A023097,Umi Sari,Umisar40@9,umisari@gmail.com,aktif,2023-08-08 08:34:38
G1A023098,Gita Kurniawan,Gitaku99#Q,gitakurniawan@gmail.com,aktif,2023-08-25 03:57:24
G1A023099,Zara Febriyanti,Zarafe24@Q,zarafebriyanti@gmail.com,aktif,2023-01-11 07:20:24
G1A023100,Della Susanto,Dellas83$9,dellasusanto@gmail.com,diblokir,2023-03-19 08:34:03
